Data,Otwarcie,Najwyzszy,Najnizszy,Zamkniecie
1998-02-26,24.0,24.0,24.0,24.0
1998-02-28,24.0,24.0,24.0,24.0
1998-04-23,23.0,23.0,23.0,23.0
1998-04-30,23.0,23.0,23.0,23.0
1998-05-21,21.5,21.5,21.5,21.5
1998-05-31,21.5,21.5,21.5,21.5
1998-07-17,19.0,19.0,19.0,19.0
1998-07-31,19.0,19.0,19.0,19.0
1998-09-10,18.0,18.0,18.0,18.0
1998-09-30,18.0,18.0,18.0,18.0
1998-10-29,17.0,17.0,17.0,17.0
1998-10-31,17.0,17.0,17.0,17.0
1998-12-10,15.5,15.5,15.5,15.5
1998-12-31,15.5,15.5,15.5,15.5
1999-01-21,13.0,13.0,13.0,13.0
1999-01-31,13.0,13.0,13.0,13.0
1999-09-23,14.0,14.0,14.0,14.0
1999-09-30,14.0,14.0,14.0,14.0
1999-11-18,16.5,16.5,16.5,16.5
1999-11-30,16.5,16.5,16.5,16.5
2000-02-24,17.5,17.5,17.5,17.5
2000-02-29,17.5,17.5,17.5,17.5
2000-08-31,19.0,19.0,19.0,19.0
2001-03-01,18.0,18.0,18.0,18.0
2001-03-29,17.0,17.0,17.0,17.0
2001-03-31,18.0,18.0,17.0,17.0
2001-06-28,15.5,15.5,15.5,15.5
2001-06-30,15.5,15.5,15.5,15.5
2001-08-23,14.5,14.5,14.5,14.5
2001-08-31,14.5,14.5,14.5,14.5
2001-10-26,13.0,13.0,13.0,13.0
2001-10-31,13.0,13.0,13.0,13.0
2001-11-29,11.5,11.5,11.5,11.5
2001-11-30,11.5,11.5,11.5,11.5
2001-12-01,11.5,11.5,11.5,11.5
2001-12-31,11.5,11.5,11.5,11.5
2002-01-31,10.0,10.0,10.0,10.0
2002-04-26,9.5,9.5,9.5,9.5
2002-04-30,9.5,9.5,9.5,9.5
2002-05-30,9.0,9.0,9.0,9.0
2002-05-31,9.0,9.0,9.0,9.0
2002-06-27,8.5,8.5,8.5,8.5
2002-06-30,8.5,8.5,8.5,8.5
2002-08-29,8.0,8.0,8.0,8.0
2002-08-31,8.0,8.0,8.0,8.0
2002-09-26,7.5,7.5,7.5,7.5
2002-09-30,7.5,7.5,7.5,7.5
2002-10-24,7.0,7.0,7.0,7.0
2002-10-31,7.0,7.0,7.0,7.0
2002-11-28,6.75,6.75,6.75,6.75
2002-11-30,6.75,6.75,6.75,6.75
2003-01-30,6.5,6.5,6.5,6.5
2003-01-31,6.5,6.5,6.5,6.5
2003-02-27,6.25,6.25,6.25,6.25
2003-02-28,6.25,6.25,6.25,6.25
2003-03-27,6.0,6.0,6.0,6.0
2003-03-31,6.0,6.0,6.0,6.0
2003-04-25,5.75,5.75,5.75,5.75
2003-04-30,5.75,5.75,5.75,5.75
2003-05-29,5.5,5.5,5.5,5.5
2003-05-31,5.5,5.5,5.5,5.5
2003-06-26,5.25,5.25,5.25,5.25
2003-06-30,5.25,5.25,5.25,5.25
2004-07-01,5.75,5.75,5.75,5.75
2004-07-29,6.0,6.0,6.0,6.0
2004-07-31,5.75,6.0,5.75,6.0
2004-08-26,6.5,6.5,6.5,6.5
2004-08-31,6.5,6.5,6.5,6.5
2005-03-31,6.0,6.0,6.0,6.0
2005-04-28,5.5,5.5,5.5,5.5
2005-04-30,5.5,5.5,5.5,5.5
2005-06-30,5.0,5.0,5.0,5.0
2005-07-28,4.75,4.75,4.75,4.75
2005-07-31,4.75,4.75,4.75,4.75
2005-09-01,4.5,4.5,4.5,4.5
2005-09-30,4.5,4.5,4.5,4.5
2006-02-01,4.25,4.25,4.25,4.25
2006-02-28,4.25,4.25,4.25,4.25
2006-03-01,4.0,4.0,4.0,4.0
2006-03-31,4.0,4.0,4.0,4.0
2007-04-26,4.25,4.25,4.25,4.25
2007-04-30,4.25,4.25,4.25,4.25
2007-06-28,4.5,4.5,4.5,4.5
2007-06-30,4.5,4.5,4.5,4.5
2007-08-30,4.75,4.75,4.75,4.75
2007-08-31,4.75,4.75,4.75,4.75
2007-11-29,5.0,5.0,5.0,5.0
2007-11-30,5.0,5.0,5.0,5.0
2008-01-31,5.25,5.25,5.25,5.25
2008-02-28,5.5,5.5,5.5,5.5
2008-02-29,5.5,5.5,5.5,5.5
2008-03-27,5.75,5.75,5.75,5.75
2008-03-31,5.75,5.75,5.75,5.75
2008-06-26,6.0,6.0,6.0,6.0
2008-06-30,6.0,6.0,6.0,6.0
2008-11-27,5.75,5.75,5.75,5.75
2008-11-30,5.75,5.75,5.75,5.75
2008-12-24,5.0,5.0,5.0,5.0
2008-12-31,5.0,5.0,5.0,5.0
2009-01-28,4.25,4.25,4.25,4.25
2009-01-31,4.25,4.25,4.25,4.25
2009-02-26,4.0,4.0,4.0,4.0
2009-02-28,4.0,4.0,4.0,4.0
2009-03-26,3.75,3.75,3.75,3.75
2009-03-31,3.75,3.75,3.75,3.75
2009-06-25,3.5,3.5,3.5,3.5
2009-06-30,3.5,3.5,3.5,3.5
2010-01-01,3.5,3.5,3.5,3.5
2010-01-31,3.5,3.5,3.5,3.5
2010-06-30,3.5,3.5,3.5,3.5
2010-08-31,3.5,3.5,3.5,3.5
2010-09-30,3.5,3.5,3.5,3.5
2010-11-30,3.5,3.5,3.5,3.5
2010-12-31,3.5,3.5,3.5,3.5
2011-01-20,3.75,3.75,3.75,3.75
2011-01-31,3.75,3.75,3.75,3.75
2011-03-31,3.75,3.75,3.75,3.75
2011-04-06,4.0,4.0,4.0,4.0
2011-04-30,4.0,4.0,4.0,4.0
2011-05-12,4.25,4.25,4.25,4.25
2011-05-31,4.25,4.25,4.25,4.25
2011-06-09,4.5,4.5,4.5,4.5
2011-06-30,4.5,4.5,4.5,4.5
2011-07-31,4.5,4.5,4.5,4.5
2011-09-30,4.5,4.5,4.5,4.5
2011-10-31,4.5,4.5,4.5,4.5
2011-11-30,4.5,4.5,4.5,4.5
2011-12-31,4.5,4.5,4.5,4.5
2012-01-31,4.5,4.5,4.5,4.5
2012-02-29,4.5,4.5,4.5,4.5
2012-03-31,4.5,4.5,4.5,4.5
2012-04-30,4.5,4.5,4.5,4.5
2012-05-10,4.75,4.75,4.75,4.75
2012-05-31,4.75,4.75,4.75,4.75
2012-06-30,4.75,4.75,4.75,4.75
2012-07-31,4.75,4.75,4.75,4.75
2012-09-30,4.75,4.75,4.75,4.75
2012-10-31,4.75,4.75,4.75,4.75
2012-11-08,4.5,4.5,4.5,4.5
2012-11-30,4.5,4.5,4.5,4.5
2012-12-06,4.25,4.25,4.25,4.25
2012-12-31,4.25,4.25,4.25,4.25
2013-01-10,4.0,4.0,4.0,4.0
2013-01-31,4.0,4.0,4.0,4.0
2013-02-07,3.75,3.75,3.75,3.75
2013-02-28,3.75,3.75,3.75,3.75
2013-03-07,3.25,3.25,3.25,3.25
2013-03-31,3.25,3.25,3.25,3.25
2013-04-30,3.25,3.25,3.25,3.25
2013-05-09,3.0,3.0,3.0,3.0
2013-05-31,3.0,3.0,3.0,3.0
2013-06-06,2.75,2.75,2.75,2.75
2013-06-30,2.75,2.75,2.75,2.75
2013-07-04,2.5,2.5,2.5,2.5
2013-07-31,2.5,2.5,2.5,2.5
2013-09-30,2.5,2.5,2.5,2.5
2013-10-31,2.5,2.5,2.5,2.5
2013-11-30,2.5,2.5,2.5,2.5
2013-12-31,2.5,2.5,2.5,2.5
2014-01-31,2.5,2.5,2.5,2.5
2014-02-28,2.5,2.5,2.5,2.5
2014-03-31,2.5,2.5,2.5,2.5
2014-04-30,2.5,2.5,2.5,2.5
2014-05-31,2.5,2.5,2.5,2.5
2014-06-30,2.5,2.5,2.5,2.5
2014-07-31,2.5,2.5,2.5,2.5
2014-09-30,2.5,2.5,2.5,2.5
2014-10-09,2.0,2.0,2.0,2.0
2014-10-31,2.0,2.0,2.0,2.0
2014-11-30,2.0,2.0,2.0,2.0
2014-12-31,2.0,2.0,2.0,2.0
2015-01-31,2.0,2.0,2.0,2.0
2015-02-28,2.0,2.0,2.0,2.0
2015-03-05,1.5,1.5,1.5,1.5
2015-03-31,1.5,1.5,1.5,1.5
2015-04-30,1.5,1.5,1.5,1.5
2015-05-31,1.5,1.5,1.5,1.5
2015-06-30,1.5,1.5,1.5,1.5
2015-07-31,1.5,1.5,1.5,1.5
2015-09-30,1.5,1.5,1.5,1.5
2015-10-31,1.5,1.5,1.5,1.5
2015-11-30,1.5,1.5,1.5,1.5
2015-12-31,1.5,1.5,1.5,1.5
2016-01-31,1.5,1.5,1.5,1.5
2016-02-29,1.5,1.5,1.5,1.5
2016-03-31,1.5,1.5,1.5,1.5
2016-04-30,1.5,1.5,1.5,1.5
2016-05-31,1.5,1.5,1.5,1.5
2016-06-30,1.5,1.5,1.5,1.5
2016-07-31,1.5,1.5,1.5,1.5
2016-09-30,1.5,1.5,1.5,1.5
2016-10-31,1.5,1.5,1.5,1.5
2016-11-30,1.5,1.5,1.5,1.5
2016-12-31,1.5,1.5,1.5,1.5
2017-01-31,1.5,1.5,1.5,1.5
2017-02-28,1.5,1.5,1.5,1.5
2017-03-31,1.5,1.5,1.5,1.5
2017-04-30,1.5,1.5,1.5,1.5
2017-05-31,1.5,1.5,1.5,1.5
2017-06-30,1.5,1.5,1.5,1.5
2017-07-31,1.5,1.5,1.5,1.5
2017-09-30,1.5,1.5,1.5,1.5
2017-10-31,1.5,1.5,1.5,1.5
2017-11-30,1.5,1.5,1.5,1.5
2017-12-31,1.5,1.5,1.5,1.5
2018-01-31,1.5,1.5,1.5,1.5
2018-02-28,1.5,1.5,1.5,1.5
2018-03-31,1.5,1.5,1.5,1.5
2018-04-30,1.5,1.5,1.5,1.5
2018-05-31,1.5,1.5,1.5,1.5
2018-06-30,1.5,1.5,1.5,1.5
2018-07-31,1.5,1.5,1.5,1.5
2018-09-30,1.5,1.5,1.5,1.5
2018-10-31,1.5,1.5,1.5,1.5
2018-11-30,1.5,1.5,1.5,1.5
2018-12-31,1.5,1.5,1.5,1.5
2019-01-31,1.5,1.5,1.5,1.5
2019-02-28,1.5,1.5,1.5,1.5
2019-03-31,1.5,1.5,1.5,1.5
2019-04-30,1.5,1.5,1.5,1.5
2019-05-31,1.5,1.5,1.5,1.5
2019-06-30,1.5,1.5,1.5,1.5
2019-07-31,1.5,1.5,1.5,1.5
2019-09-30,1.5,1.5,1.5,1.5
2019-10-31,1.5,1.5,1.5,1.5
2019-11-30,1.5,1.5,1.5,1.5
2019-12-31,1.5,1.5,1.5,1.5
2020-01-31,1.5,1.5,1.5,1.5
2020-02-29,1.5,1.5,1.5,1.5
2020-03-18,1.0,1.0,1.0,1.0
2020-03-31,1.0,1.0,1.0,1.0
2020-04-09,0.5,0.5,0.5,0.5
2020-04-30,0.5,0.5,0.5,0.5
2020-05-29,0.1,0.1,0.1,0.1
2020-05-31,0.1,0.1,0.1,0.1
2020-06-30,0.1,0.1,0.1,0.1
2020-07-31,0.5,0.5,0.5,0.5
2020-09-30,0.5,0.5,0.5,0.5
2020-10-31,0.5,0.5,0.5,0.5
2020-11-30,0.5,0.5,0.5,0.5
2020-12-31,1.0,1.0,1.0,1.0
2021-01-31,0.1,0.1,0.1,0.1
2021-02-28,0.1,0.1,0.1,0.1
2021-03-31,0.1,0.1,0.1,0.1
2021-04-30,0.1,0.1,0.1,0.1
2021-05-31,0.1,0.1,0.1,0.1
2021-06-30,0.1,0.1,0.1,0.1
2021-07-31,0.1,0.1,0.1,0.1
2021-09-30,0.1,0.1,0.1,0.1
2021-10-07,0.5,0.5,0.5,0.5
2021-10-31,0.5,0.5,0.5,0.5
2021-11-04,1.25,1.25,1.25,1.25
2021-11-30,1.25,1.25,1.25,1.25
2021-12-09,1.75,1.75,1.75,1.75
2021-12-31,1.75,1.75,1.75,1.75
2022-01-05,2.25,2.25,2.25,2.25
2022-01-31,2.25,2.25,2.25,2.25
2022-02-09,2.75,2.75,2.75,2.75
2022-02-28,2.75,2.75,2.75,2.75
2022-03-09,3.5,3.5,3.5,3.5
2022-03-31,3.5,3.5,3.5,3.5
2022-04-07,4.5,4.5,4.5,4.5
2022-04-30,4.5,4.5,4.5,4.5
2022-05-06,5.25,5.25,5.25,5.25
2022-05-31,5.25,5.25,5.25,5.25
2022-06-09,6.0,6.0,6.0,6.0
2022-06-30,6.0,6.0,6.0,6.0
2022-07-08,6.5,6.5,6.5,6.5
2022-07-31,6.5,6.5,6.5,6.5
2022-09-08,6.75,6.75,6.75,6.75
2022-09-30,6.75,6.75,6.75,6.75
2022-10-31,6.75,6.75,6.75,6.75
2022-11-30,6.75,6.75,6.75,6.75
2022-12-31,6.75,6.75,6.75,6.75
2023-01-31,6.75,6.75,6.75,6.75
2023-02-28,6.75,6.75,6.75,6.75
2023-03-31,6.75,6.75,6.75,6.75
2023-04-30,6.75,6.75,6.75,6.75
2023-05-31,6.75,6.75,6.75,6.75
2023-06-30,6.75,6.75,6.75,6.75
2023-07-31,6.75,6.75,6.75,6.75
2023-09-07,6.0,6.0,6.0,6.0
2023-09-30,6.0,6.0,6.0,6.0
2023-10-05,5.75,5.75,5.75,5.75
2023-10-31,5.75,5.75,5.75,5.75
2023-11-30,5.75,5.75,5.75,5.75
2023-12-31,5.75,5.75,5.75,5.75
2024-02-29,5.75,5.75,5.75,5.75
2024-04-30,5.75,5.75,5.75,5.75
2024-05-31,5.75,5.75,5.75,5.75
2024-09-30,5.75,5.75,5.75,5.75
2024-10-31,5.75,5.75,5.75,5.75
2024-11-30,5.75,5.75,5.75,5.75
2024-12-31,5.75,5.75,5.75,5.75
2025-01-31,5.75,5.75,5.75,5.75
2025-02-28,5.75,5.75,5.75,5.75
2025-03-31,5.75,5.75,5.75,5.75
2025-04-30,5.75,5.75,5.75,5.75
2025-05-08,5.25,5.25,5.25,5.25
2025-05-31,5.25,5.25,5.25,5.25
2025-07-03,5.0,5.0,5.0,5.0
2025-07-31,5.0,5.0,5.0,5.0
2025-09-04,4.75,4.75,4.75,4.75
2025-09-30,4.5,4.5,4.5,4.5
2025-10-09,4.5,4.5,4.5,4.5
2025-11-06,4.25,4.25,4.25,4.25
2025-11-30,4.25,4.25,4.25,4.25
2025-12-04,4.0,4.0,4.0,4.0
2025-12-31,4.25,4.25,4.25,4.25
2026-01-31,4.0,4.0,4.0,4.0
2026-02-28,4.0,4.0,4.0,4.0
2026-03-05,3.75,3.75,3.75,3.75
